{"cameraMode":{"drawMode":0,"name":"Shaded","section":"Shading Mode"},"sceneLighting":true,"audioPlay":false,"sceneViewState":{"showFog":true,"showMaterialUpdate":false,"showSkybox":true,"showFlares":true,"showImageEffects":true,"showParticleSystems":true},"in2DMode":false,"pivot":{"x":-0.18817138671875,"y":4.7353515625,"z":-12.6767578125},"rotation":{"x":0.09879738837480545,"y":0.029848719015717508,"z":-0.002966378815472126,"w":0.9946854710578919},"size":8.142584800720215,"orthographic":true}